timestamp,Open,High,Low,Close,Volume
2025-11-29 17:40:00,90616.25,90628.26,90591.84,90620.62,14.18702
2025-11-29 17:41:00,90620.62,90628.26,90595.25,90595.25,6.14967
2025-11-29 17:42:00,90595.26,90615.48,90595.26,90615.48,4.62994
2025-11-29 17:43:00,90615.48,90615.48,90595.83,90595.83,2.29692
2025-11-29 17:44:00,90595.83,90595.84,90572.91,90572.92,1.89395
2025-11-29 17:45:00,90572.92,90621.05,90572.91,90621.05,5.4739
2025-11-29 17:46:00,90621.04,90621.05,90550.01,90550.01,8.02952
2025-11-29 17:47:00,90550.02,90550.02,90520.0,90531.42,9.20222
2025-11-29 17:48:00,90531.43,90548.68,90501.67,90501.67,5.26065
2025-11-29 17:49:00,90501.68,90532.96,90501.67,90520.77,3.87646
2025-11-29 17:50:00,90520.77,90520.77,90449.92,90477.92,5.55466
2025-11-29 17:51:00,90477.91,90505.26,90477.91,90505.26,5.37813
2025-11-29 17:52:00,90505.26,90540.0,90505.26,90518.39,3.31501
2025-11-29 17:53:00,90518.4,90550.01,90502.27,90541.42,3.94359
2025-11-29 17:54:00,90541.43,90541.43,90480.0,90488.17,7.18216
2025-11-29 17:55:00,90488.17,90490.39,90432.33,90449.92,41.00118
2025-11-29 17:56:00,90449.93,90473.4,90449.92,90473.4,5.87342
2025-11-29 17:57:00,90473.4,90492.4,90471.9,90480.02,3.66348
2025-11-29 17:58:00,90480.02,90480.03,90463.83,90468.25,3.26644
2025-11-29 17:59:00,90468.25,90468.25,90421.21,90421.21,8.14862
2025-11-29 18:00:00,90421.21,90469.8,90400.0,90455.62,19.37769
2025-11-29 18:01:00,90455.62,90503.21,90455.61,90500.0,14.43715
2025-11-29 18:02:00,90500.0,90500.0,90376.58,90426.65,23.99128
2025-11-29 18:03:00,90426.66,90525.48,90426.65,90500.35,9.1962
2025-11-29 18:04:00,90500.35,90521.74,90390.33,90395.42,15.49034
2025-11-29 18:05:00,90395.43,90419.29,90352.33,90413.02,25.98689
2025-11-29 18:06:00,90413.03,90508.03,90413.03,90505.44,14.37621
2025-11-29 18:07:00,90505.43,90548.0,90498.32,90538.2,12.18626
2025-11-29 18:08:00,90538.19,90538.2,90506.05,90506.97,2.03453
2025-11-29 18:09:00,90506.96,90519.29,90506.56,90506.57,3.1733
2025-11-29 18:10:00,90506.57,90518.78,90490.46,90510.66,3.35757
2025-11-29 18:11:00,90510.67,90528.95,90503.16,90528.94,4.06877
2025-11-29 18:12:00,90528.95,90528.95,90362.08,90362.08,27.38861
2025-11-29 18:13:00,90362.09,90362.76,90155.47,90292.2,127.15728
2025-11-29 18:14:00,90292.21,90371.08,90255.99,90370.11,31.64007
2025-11-29 18:15:00,90370.12,90515.07,90349.72,90478.03,20.98762
2025-11-29 18:16:00,90478.04,90478.04,90322.93,90322.93,17.75172
2025-11-29 18:17:00,90322.93,90367.94,90322.92,90336.27,8.81201
2025-11-29 18:18:00,90336.27,90336.28,90233.99,90234.99,74.92594
2025-11-29 18:19:00,90234.98,90289.58,90194.04,90289.58,49.86727
2025-11-29 18:20:00,90289.58,90365.57,90289.58,90364.54,9.78124
2025-11-29 18:21:00,90364.53,90371.53,90342.17,90360.76,9.13867
2025-11-29 18:22:00,90360.76,90370.12,90350.04,90358.45,3.14967
2025-11-29 18:23:00,90358.44,90371.53,90310.88,90310.89,3.55222
2025-11-29 18:24:00,90310.88,90324.1,90288.82,90288.82,14.62629
2025-11-29 18:25:00,90288.82,90326.03,90274.58,90313.13,5.57598
2025-11-29 18:26:00,90313.14,90321.97,90270.0,90270.01,2.93355
2025-11-29 18:27:00,90270.0,90270.01,90229.12,90229.12,10.03957
2025-11-29 18:28:00,90229.12,90257.89,90229.12,90257.89,2.26385
2025-11-29 18:29:00,90257.88,90298.98,90257.88,90298.97,2.37594
2025-11-29 18:30:00,90298.98,90298.98,90207.88,90243.75,9.38384
2025-11-29 18:31:00,90243.75,90318.65,90243.75,90287.81,5.26343
2025-11-29 18:32:00,90287.8,90303.92,90265.67,90303.91,7.74424
2025-11-29 18:33:00,90303.92,90412.0,90303.91,90378.91,13.64003
2025-11-29 18:34:00,90378.92,90378.92,90302.96,90353.06,14.41407
2025-11-29 18:35:00,90353.05,90353.05,90335.06,90344.66,3.47816
2025-11-29 18:36:00,90344.66,90477.72,90344.66,90451.53,25.43631
2025-11-29 18:37:00,90451.53,90477.72,90450.66,90477.72,4.00178
2025-11-29 18:38:00,90477.71,90494.13,90459.75,90482.31,3.7507
2025-11-29 18:39:00,90482.31,90494.09,90447.63,90447.63,5.91407
2025-11-29 18:40:00,90447.64,90470.98,90447.63,90470.98,4.81585
2025-11-29 18:41:00,90470.97,90477.95,90460.82,90460.82,2.99275
2025-11-29 18:42:00,90460.83,90494.12,90448.79,90494.11,4.51877
2025-11-29 18:43:00,90494.12,90525.65,90494.11,90513.73,4.77107
2025-11-29 18:44:00,90513.72,90630.0,90503.44,90582.66,62.65908
2025-11-29 18:45:00,90582.66,90652.4,90561.23,90652.39,15.46586
2025-11-29 18:46:00,90652.4,90677.5,90601.05,90601.06,20.4387
2025-11-29 18:47:00,90601.06,90601.2,90569.53,90569.54,1.54358
2025-11-29 18:48:00,90569.54,90587.98,90569.53,90572.69,3.05816
2025-11-29 18:49:00,90572.69,90615.49,90572.69,90615.48,4.18474
2025-11-29 18:50:00,90615.48,90629.06,90602.04,90629.06,2.93009
2025-11-29 18:51:00,90629.06,90660.46,90629.05,90660.46,3.66901
2025-11-29 18:52:00,90660.46,90682.0,90660.46,90682.0,5.34598
2025-11-29 18:53:00,90682.0,90713.6,90682.0,90683.35,4.80156
2025-11-29 18:54:00,90683.36,90683.36,90640.77,90640.78,2.57948
2025-11-29 18:55:00,90640.78,90715.87,90640.77,90696.47,11.48217
2025-11-29 18:56:00,90696.46,90699.61,90680.29,90680.29,1.56976
2025-11-29 18:57:00,90680.29,90699.61,90673.01,90673.01,11.60143
2025-11-29 18:58:00,90673.01,90719.16,90673.01,90707.83,5.08648
2025-11-29 18:59:00,90707.83,90707.83,90690.84,90690.84,1.21647
2025-11-29 19:00:00,90690.85,90704.2,90659.92,90659.92,15.72074
2025-11-29 19:01:00,90659.93,90685.78,90659.92,90669.75,17.93392
2025-11-29 19:02:00,90669.76,90669.76,90631.02,90635.0,2.51562
2025-11-29 19:03:00,90635.0,90649.82,90634.99,90634.99,10.65475
2025-11-29 19:04:00,90635.0,90635.0,90621.37,90625.75,32.7337
2025-11-29 19:05:00,90625.74,90723.57,90600.18,90722.91,5.64072
2025-11-29 19:06:00,90722.9,90748.8,90717.22,90739.43,11.26538
2025-11-29 19:07:00,90739.42,90739.43,90679.78,90679.79,1.68777
2025-11-29 19:08:00,90679.78,90700.25,90679.78,90700.24,2.47834
2025-11-29 19:09:00,90700.24,90767.68,90700.24,90767.68,13.98103
2025-11-29 19:10:00,90767.68,90767.68,90758.2,90765.73,2.88186
2025-11-29 19:11:00,90765.72,90765.73,90765.72,90765.72,0.54104
2025-11-29 19:12:00,90765.73,90780.54,90765.72,90780.53,4.79242
2025-11-29 19:13:00,90780.54,90787.99,90773.17,90773.17,2.42978
2025-11-29 19:14:00,90773.17,90773.18,90723.84,90723.85,2.07118
2025-11-29 19:15:00,90723.84,90729.18,90693.13,90729.17,1.62341
2025-11-29 19:16:00,90729.18,90751.17,90729.17,90751.16,3.44867
2025-11-29 19:17:00,90751.17,90765.73,90751.17,90760.21,1.44651
2025-11-29 19:18:00,90760.22,90765.73,90722.59,90722.6,3.82466
2025-11-29 19:19:00,90722.6,90722.61,90722.59,90722.61,2.47785
2025-11-29 19:20:00,90722.6,90756.99,90722.6,90756.98,2.68877
2025-11-29 19:21:00,90756.99,90765.73,90756.98,90765.73,1.67797
2025-11-29 19:22:00,90765.73,90794.0,90749.6,90793.99,4.6786
2025-11-29 19:23:00,90793.99,90813.7,90751.2,90753.03,4.03914
2025-11-29 19:24:00,90753.03,90798.12,90753.03,90798.11,3.80542
2025-11-29 19:25:00,90798.12,90799.46,90785.86,90799.46,6.07337
2025-11-29 19:26:00,90799.47,90814.93,90799.46,90814.93,2.00859
2025-11-29 19:27:00,90814.93,90814.93,90814.92,90814.92,1.12563
2025-11-29 19:28:00,90814.93,90850.83,90814.92,90844.48,11.91911
2025-11-29 19:29:00,90844.49,90844.49,90806.52,90806.52,8.25663
2025-11-29 19:30:00,90806.53,90822.98,90803.11,90822.97,3.06232
2025-11-29 19:31:00,90822.98,90822.98,90729.33,90729.34,5.30557
2025-11-29 19:32:00,90729.33,90745.07,90729.33,90732.54,4.97109
2025-11-29 19:33:00,90732.54,90740.58,90695.06,90695.07,6.07583
2025-11-29 19:34:00,90695.07,90695.07,90695.06,90695.06,1.43457
2025-11-29 19:35:00,90695.07,90695.07,90668.32,90693.71,3.07116
2025-11-29 19:36:00,90693.71,90693.71,90693.7,90693.7,2.18143
2025-11-29 19:37:00,90693.71,90693.71,90667.56,90671.91,5.91984
2025-11-29 19:38:00,90672.48,90705.0,90672.47,90685.78,3.33387
2025-11-29 19:39:00,90685.78,90685.78,90677.42,90677.42,2.20462
2025-11-29 19:40:00,90677.43,90705.0,90673.29,90673.3,1.73894
2025-11-29 19:41:00,90673.3,90678.65,90622.72,90628.71,7.50551
2025-11-29 19:42:00,90628.72,90656.54,90628.71,90656.53,2.76842
2025-11-29 19:43:00,90656.54,90660.46,90656.53,90660.45,2.33816
2025-11-29 19:44:00,90660.45,90660.46,90637.95,90637.95,3.2498
2025-11-29 19:45:00,90637.95,90671.7,90618.63,90671.69,4.72684
2025-11-29 19:46:00,90671.69,90673.89,90639.35,90639.35,8.86511
2025-11-29 19:47:00,90639.36,90639.36,90616.72,90616.73,3.83159
2025-11-29 19:48:00,90616.73,90637.03,90602.51,90615.43,4.44544
2025-11-29 19:49:00,90615.43,90615.43,90615.42,90615.42,0.32072
2025-11-29 19:50:00,90615.43,90627.94,90600.1,90600.1,11.4467
2025-11-29 19:51:00,90600.1,90623.0,90600.1,90622.99,1.25173
2025-11-29 19:52:00,90622.99,90640.77,90622.99,90639.36,2.61542
2025-11-29 19:53:00,90639.36,90658.08,90639.35,90658.07,0.92243
2025-11-29 19:54:00,90658.07,90658.08,90658.07,90658.07,0.81022
2025-11-29 19:55:00,90658.08,90658.08,90649.82,90649.83,1.65044
2025-11-29 19:56:00,90649.83,90658.08,90618.03,90641.21,3.49936
2025-11-29 19:57:00,90641.2,90671.69,90641.2,90648.28,7.4475
2025-11-29 19:58:00,90648.27,90648.27,90637.98,90637.99,0.90259
2025-11-29 19:59:00,90637.99,90651.16,90637.98,90640.78,4.40873
2025-11-29 20:00:00,90640.77,90640.78,90574.14,90590.94,3.81813
2025-11-29 20:01:00,90590.94,90634.54,90590.93,90598.76,3.1538
2025-11-29 20:02:00,90598.76,90598.76,90556.0,90556.01,2.2543
2025-11-29 20:03:00,90556.0,90556.01,90463.58,90472.69,45.4747
2025-11-29 20:04:00,90472.69,90472.69,90463.65,90467.48,1.0028
2025-11-29 20:05:00,90467.48,90474.36,90449.92,90449.92,1.23092
2025-11-29 20:06:00,90449.93,90456.92,90442.92,90456.92,3.34181
2025-11-29 20:07:00,90456.92,90456.92,90442.92,90446.32,1.85032
2025-11-29 20:08:00,90446.32,90449.93,90400.21,90403.65,28.28293
2025-11-29 20:09:00,90403.66,90449.92,90403.65,90449.92,0.92486
2025-11-29 20:10:00,90449.91,90518.7,90449.91,90477.02,8.43687
2025-11-29 20:11:00,90477.01,90504.79,90477.01,90495.8,2.16916
2025-11-29 20:12:00,90495.8,90495.8,90436.93,90442.79,5.05362
2025-11-29 20:13:00,90442.8,90449.93,90442.79,90449.93,0.64999
2025-11-29 20:14:00,90449.92,90473.02,90449.92,90450.52,1.58718
2025-11-29 20:15:00,90450.52,90498.74,90450.51,90482.7,6.98371
2025-11-29 20:16:00,90482.7,90506.91,90435.59,90506.9,2.94548
2025-11-29 20:17:00,90506.91,90554.6,90483.86,90483.87,14.04558
2025-11-29 20:18:00,90483.87,90513.0,90476.01,90513.0,0.99618
2025-11-29 20:19:00,90513.0,90554.61,90512.99,90554.29,2.03479
2025-11-29 20:20:00,90554.28,90568.98,90553.05,90553.06,2.36479
2025-11-29 20:21:00,90553.06,90568.91,90553.05,90568.91,1.13398
2025-11-29 20:22:00,90568.91,90587.97,90568.91,90587.97,4.03192
2025-11-29 20:23:00,90587.98,90601.58,90577.3,90577.3,4.97016
2025-11-29 20:24:00,90577.3,90577.31,90555.18,90555.18,2.10869
2025-11-29 20:25:00,90555.18,90608.93,90555.18,90608.92,4.97414
2025-11-29 20:26:00,90608.92,90608.93,90596.23,90596.24,1.05063
2025-11-29 20:27:00,90596.23,90660.0,90596.23,90654.08,3.32695
2025-11-29 20:28:00,90654.09,90679.64,90654.08,90667.74,3.4597
2025-11-29 20:29:00,90667.75,90667.75,90654.09,90654.1,1.11446
2025-11-29 20:30:00,90654.1,90689.97,90643.65,90689.97,5.11711
2025-11-29 20:31:00,90689.97,90713.98,90666.09,90666.1,2.96979
2025-11-29 20:32:00,90666.1,90666.1,90643.65,90652.56,1.45567
2025-11-29 20:33:00,90652.56,90677.9,90652.56,90677.89,1.59778
2025-11-29 20:34:00,90677.9,90713.37,90677.9,90713.37,1.28666
2025-11-29 20:35:00,90713.37,90743.99,90713.37,90743.99,3.63053
2025-11-29 20:36:00,90743.99,90749.98,90743.99,90749.97,0.55709
2025-11-29 20:37:00,90749.98,90749.98,90698.01,90698.01,5.18155
2025-11-29 20:38:00,90698.02,90698.02,90678.03,90678.03,0.85526
2025-11-29 20:39:00,90678.04,90698.02,90678.03,90698.01,0.55836
2025-11-29 20:40:00,90698.01,90698.02,90667.71,90698.01,0.80721
2025-11-29 20:41:00,90698.02,90698.02,90669.47,90669.47,1.05296
2025-11-29 20:42:00,90669.47,90691.26,90662.1,90691.25,0.76041
2025-11-29 20:43:00,90691.25,90700.0,90684.27,90700.0,1.16354
2025-11-29 20:44:00,90699.99,90816.55,90699.99,90808.05,12.02257
2025-11-29 20:45:00,90808.05,90832.5,90777.28,90803.2,10.63747
2025-11-29 20:46:00,90803.2,90853.01,90795.22,90819.12,14.62716
2025-11-29 20:47:00,90819.13,90830.46,90797.85,90797.85,2.07867
2025-11-29 20:48:00,90797.85,90902.52,90797.85,90902.51,20.33923
2025-11-29 20:49:00,90902.51,90907.51,90871.06,90871.07,6.44607
2025-11-29 20:50:00,90871.06,90926.19,90871.06,90925.82,12.11737
2025-11-29 20:51:00,90925.83,90953.69,90920.81,90931.76,9.977
2025-11-29 20:52:00,90931.75,90931.76,90910.09,90931.74,4.69736
2025-11-29 20:53:00,90931.74,90931.75,90899.1,90899.11,8.68824
2025-11-29 20:54:00,90899.1,90943.34,90898.39,90943.34,2.36665
2025-11-29 20:55:00,90943.33,90959.68,90943.33,90959.68,4.13652
2025-11-29 20:56:00,90959.67,90959.68,90959.67,90959.68,1.05299
2025-11-29 20:57:00,90959.67,91030.28,90959.67,91030.28,22.00801
2025-11-29 20:58:00,91030.28,91035.27,90970.0,90970.0,12.17661
2025-11-29 20:59:00,90970.01,90970.01,90963.28,90963.29,0.99499
2025-11-29 21:00:00,90963.29,91019.77,90963.28,91007.04,3.48485
2025-11-29 21:01:00,91007.03,91007.04,90938.18,90938.19,11.72604
2025-11-29 21:02:00,90938.19,90944.56,90895.91,90895.91,2.5735
2025-11-29 21:03:00,90895.91,90897.66,90874.1,90874.1,2.65279
2025-11-29 21:04:00,90874.11,90885.91,90874.1,90885.91,2.97692
2025-11-29 21:05:00,90885.91,90911.69,90885.9,90911.68,4.69797
2025-11-29 21:06:00,90911.68,90918.08,90911.68,90918.07,0.77757
2025-11-29 21:07:00,90918.08,90918.08,90852.45,90866.08,5.05314
2025-11-29 21:08:00,90866.08,90866.08,90834.0,90834.01,2.84257
2025-11-29 21:09:00,90834.01,90865.49,90834.01,90845.76,5.59054
2025-11-29 21:10:00,90845.76,90854.8,90822.97,90854.79,4.76313
2025-11-29 21:11:00,90854.8,90854.8,90814.02,90814.02,1.98547
2025-11-29 21:12:00,90814.03,90854.68,90814.02,90854.67,1.73767
2025-11-29 21:13:00,90854.67,90871.0,90854.67,90870.99,1.18769
2025-11-29 21:14:00,90871.0,90873.4,90850.13,90850.14,2.21975
2025-11-29 21:15:00,90850.14,90871.0,90850.13,90871.0,1.32182
2025-11-29 21:16:00,90870.99,90906.01,90870.99,90895.33,3.64439
2025-11-29 21:17:00,90895.33,90895.34,90839.96,90842.81,1.70994
2025-11-29 21:18:00,90842.82,90842.82,90831.4,90831.41,1.87514
2025-11-29 21:19:00,90831.4,90845.31,90814.38,90825.09,3.38713
2025-11-29 21:20:00,90825.09,90871.0,90825.09,90871.0,3.17141
2025-11-29 21:21:00,90871.0,90912.42,90870.99,90901.63,2.46841
2025-11-29 21:22:00,90901.63,90962.0,90901.63,90962.0,2.58065
2025-11-29 21:23:00,90961.99,90969.07,90909.2,90909.2,10.53606
2025-11-29 21:24:00,90909.21,90922.65,90909.2,90922.65,0.58741
2025-11-29 21:25:00,90922.64,90973.91,90921.24,90949.7,7.75229
2025-11-29 21:26:00,90949.71,90970.49,90949.7,90970.48,0.87381
2025-11-29 21:27:00,90970.49,90970.49,90950.08,90950.08,0.81333
2025-11-29 21:28:00,90950.09,90950.09,90924.72,90937.52,2.29584
2025-11-29 21:29:00,90937.52,90942.19,90937.51,90942.19,1.39865
2025-11-29 21:30:00,90942.19,90951.56,90933.71,90951.55,0.8638
2025-11-29 21:31:00,90951.55,90951.56,90911.0,90914.16,1.17837
2025-11-29 21:32:00,90914.17,90963.99,90914.16,90963.99,2.01917
2025-11-29 21:33:00,90964.0,90964.0,90938.57,90963.97,1.68667
2025-11-29 21:34:00,90963.97,90972.7,90963.97,90970.36,1.09561
2025-11-29 21:35:00,90970.35,90992.66,90970.35,90992.65,4.16789
2025-11-29 21:36:00,90992.66,91000.0,90992.66,90999.99,2.73353
2025-11-29 21:37:00,90999.99,91000.19,90985.05,90990.77,2.05064
2025-11-29 21:38:00,90990.76,91004.94,90971.64,91004.93,2.33825
2025-11-29 21:39:00,91004.93,91005.1,91004.93,91005.09,0.89771
2025-11-29 21:40:00,91005.1,91005.1,91005.09,91005.09,0.47155
2025-11-29 21:41:00,91005.1,91045.88,90993.96,90993.96,12.17143
2025-11-29 21:42:00,90993.97,91031.83,90981.22,91031.82,1.32393
2025-11-29 21:43:00,91031.82,91035.41,91020.06,91020.61,1.40112
2025-11-29 21:44:00,91020.6,91048.0,91020.6,91029.81,10.92552
2025-11-29 21:45:00,91029.81,91049.12,91001.81,91049.11,5.57069
2025-11-29 21:46:00,91049.12,91051.87,91036.34,91051.87,4.82461
2025-11-29 21:47:00,91051.87,91051.87,91012.23,91051.18,2.31644
2025-11-29 21:48:00,91051.18,91051.19,91013.34,91013.34,2.59993
2025-11-29 21:49:00,91013.33,91013.33,90969.04,90969.04,2.0684
2025-11-29 21:50:00,90969.04,90976.26,90943.15,90959.22,2.84033
2025-11-29 21:51:00,90959.22,90976.26,90930.91,90976.26,1.77312
2025-11-29 21:52:00,90976.26,90999.95,90976.25,90999.94,1.02628
2025-11-29 21:53:00,90999.94,91014.36,90985.14,90985.14,2.45102
2025-11-29 21:54:00,90985.15,91013.65,90985.14,91013.65,0.86351
2025-11-29 21:55:00,91013.64,91017.74,91013.64,91017.74,1.75953
2025-11-29 21:56:00,91017.73,91030.25,91017.73,91026.3,2.8928
2025-11-29 21:57:00,91026.3,91026.3,91023.87,91025.81,1.6311
2025-11-29 21:58:00,91025.81,91025.82,91013.98,91013.98,1.35361
2025-11-29 21:59:00,91013.98,91013.98,90988.91,91008.68,1.7114
2025-11-29 22:00:00,91008.68,91008.69,90992.01,90992.02,3.63876
2025-11-29 22:01:00,90992.02,90992.02,90928.4,90928.41,3.31042
2025-11-29 22:02:00,90928.41,90970.68,90928.4,90968.75,6.21353
2025-11-29 22:03:00,90968.75,90968.75,90913.08,90913.08,2.64144
2025-11-29 22:04:00,90913.08,90913.09,90908.08,90912.52,0.88932
2025-11-29 22:05:00,90912.52,90912.52,90887.49,90888.54,3.6405
2025-11-29 22:06:00,90888.03,90888.03,90888.02,90888.02,0.69782
2025-11-29 22:07:00,90888.03,90922.4,90886.01,90886.02,1.20881
2025-11-29 22:08:00,90886.02,90911.7,90886.01,90911.69,1.50868
2025-11-29 22:09:00,90911.69,90911.7,90897.76,90906.85,1.53316
2025-11-29 22:10:00,90906.84,90906.85,90906.84,90906.84,0.41617
2025-11-29 22:11:00,90906.85,90906.85,90906.84,90906.85,1.06869
2025-11-29 22:12:00,90906.85,90906.85,90906.84,90906.85,1.20729
2025-11-29 22:13:00,90906.85,90906.85,90765.72,90765.73,15.85089
2025-11-29 22:14:00,90765.72,90772.52,90726.84,90744.64,5.29223
2025-11-29 22:15:00,90744.64,90797.61,90744.63,90765.74,5.37796
2025-11-29 22:16:00,90765.73,90802.15,90765.73,90802.14,1.76692
2025-11-29 22:17:00,90802.15,90808.0,90781.96,90808.0,3.93694
2025-11-29 22:18:00,90808.0,90821.22,90790.68,90790.69,8.82547
2025-11-29 22:19:00,90790.68,90790.69,90766.85,90779.69,11.12635
2025-11-29 22:20:00,90779.7,90779.7,90719.22,90719.23,11.14701
2025-11-29 22:21:00,90719.22,90746.01,90719.22,90740.63,11.26967
2025-11-29 22:22:00,90740.63,90743.32,90714.22,90743.31,11.81743
2025-11-29 22:23:00,90743.31,90757.63,90743.31,90750.6,17.37843
2025-11-29 22:24:00,90750.6,90750.61,90743.17,90743.18,12.43105
2025-11-29 22:25:00,90743.18,90762.48,90707.03,90762.47,14.92702
2025-11-29 22:26:00,90762.48,90762.48,90710.63,90710.63,10.25618
2025-11-29 22:27:00,90710.63,90755.62,90710.63,90722.51,13.47327
2025-11-29 22:28:00,90722.52,90737.95,90719.18,90737.94,10.47975
2025-11-29 22:29:00,90737.95,90737.95,90722.81,90729.04,9.8912
2025-11-29 22:30:00,90729.04,90762.49,90700.65,90700.65,12.248
2025-11-29 22:31:00,90700.66,90772.0,90700.65,90772.0,2.82657
2025-11-29 22:32:00,90771.99,90775.5,90771.99,90775.5,0.45828
2025-11-29 22:33:00,90775.5,90783.47,90768.94,90768.94,2.00275
2025-11-29 22:34:00,90768.94,90790.92,90768.94,90790.92,1.14696
2025-11-29 22:35:00,90790.91,90799.03,90790.91,90799.02,1.30158
2025-11-29 22:36:00,90799.02,90810.0,90790.91,90790.92,7.80198
2025-11-29 22:37:00,90790.91,90838.57,90790.91,90828.84,1.97272
2025-11-29 22:38:00,90828.84,90832.73,90809.13,90832.73,2.71436
2025-11-29 22:39:00,90832.72,90844.0,90832.72,90844.0,2.46188
2025-11-29 22:40:00,90843.99,90854.0,90818.74,90819.37,4.20946
2025-11-29 22:41:00,90819.36,90819.37,90796.29,90808.04,0.99259
2025-11-29 22:42:00,90808.04,90900.94,90808.04,90884.32,11.27659
2025-11-29 22:43:00,90884.31,90897.98,90884.31,90890.86,6.39569
2025-11-29 22:44:00,90890.86,90890.87,90887.38,90887.39,0.59525
2025-11-29 22:45:00,90887.39,90915.81,90887.38,90915.81,4.23541
2025-11-29 22:46:00,90915.81,90915.81,90835.03,90835.03,4.64703
2025-11-29 22:47:00,90835.03,90835.04,90751.19,90760.28,6.04865
2025-11-29 22:48:00,90760.28,90808.05,90760.28,90803.81,1.58109
2025-11-29 22:49:00,90803.81,90803.82,90775.46,90775.46,1.22113
2025-11-29 22:50:00,90774.9,90813.77,90774.9,90813.76,2.89637
2025-11-29 22:51:00,90813.76,90813.77,90813.76,90813.77,1.18674
2025-11-29 22:52:00,90813.77,90813.77,90759.6,90765.72,4.16347
2025-11-29 22:53:00,90765.73,90811.17,90765.73,90806.27,3.75299
2025-11-29 22:54:00,90806.26,90811.11,90806.26,90811.11,2.11098
2025-11-29 22:55:00,90811.11,90835.56,90798.62,90798.62,3.0873
2025-11-29 22:56:00,90798.63,90808.05,90798.62,90808.05,2.61728
2025-11-29 22:57:00,90808.05,90808.05,90808.04,90808.05,1.1348
2025-11-29 22:58:00,90808.04,90808.04,90766.95,90766.96,4.61028
2025-11-29 22:59:00,90766.95,90766.96,90720.86,90753.02,7.0429
2025-11-29 23:00:00,90753.03,90765.73,90744.74,90744.75,6.62106
2025-11-29 23:01:00,90744.75,90753.03,90744.74,90753.03,0.42207
2025-11-29 23:02:00,90753.02,90803.58,90753.02,90776.68,5.14767
2025-11-29 23:03:00,90776.68,90776.68,90736.0,90736.0,2.11561
2025-11-29 23:04:00,90736.01,90770.72,90734.94,90770.71,8.31186
2025-11-29 23:05:00,90770.72,90780.54,90755.9,90764.97,1.2189
2025-11-29 23:06:00,90764.97,90808.05,90764.96,90786.8,3.09412
2025-11-29 23:07:00,90786.81,90786.81,90714.86,90714.87,1.1803
2025-11-29 23:08:00,90714.86,90719.86,90714.86,90714.87,3.70998
2025-11-29 23:09:00,90714.86,90714.87,90714.86,90714.87,0.72178
2025-11-29 23:10:00,90714.86,90719.85,90690.23,90719.84,2.37605
2025-11-29 23:11:00,90719.84,90725.52,90719.84,90725.52,1.11227
2025-11-29 23:12:00,90725.51,90725.52,90713.57,90713.57,1.16141
2025-11-29 23:13:00,90713.58,90713.94,90708.57,90713.93,1.3412
2025-11-29 23:14:00,90713.93,90713.94,90713.93,90713.93,0.78675
2025-11-29 23:15:00,90713.94,90722.65,90708.57,90708.57,1.85003
2025-11-29 23:16:00,90708.57,90740.0,90708.57,90739.99,2.6122
2025-11-29 23:17:00,90739.99,90753.03,90739.99,90753.02,0.53096
2025-11-29 23:18:00,90753.02,90753.03,90743.09,90753.03,1.10067
2025-11-29 23:19:00,90753.03,90765.73,90753.02,90761.99,1.69669
2025-11-29 23:20:00,90761.99,90776.0,90761.99,90775.99,0.91055
2025-11-29 23:21:00,90776.0,90806.0,90775.99,90806.0,1.98455
2025-11-29 23:22:00,90805.99,90818.27,90805.99,90818.27,1.83923
2025-11-29 23:23:00,90818.27,90835.55,90818.26,90835.55,0.8861
2025-11-29 23:24:00,90835.55,90855.45,90835.55,90855.45,1.93155
2025-11-29 23:25:00,90855.45,90887.8,90855.44,90882.0,4.31203
2025-11-29 23:26:00,90882.0,90882.0,90861.5,90861.5,1.13324
2025-11-29 23:27:00,90861.51,90861.51,90842.33,90842.33,0.94542
2025-11-29 23:28:00,90842.33,90842.34,90833.28,90833.62,3.03321
2025-11-29 23:29:00,90833.62,90833.62,90817.3,90817.3,0.71976
2025-11-29 23:30:00,90817.31,90835.56,90817.3,90835.56,1.2297
2025-11-29 23:31:00,90835.56,90835.56,90835.55,90835.55,2.85585
2025-11-29 23:32:00,90835.56,90860.99,90835.55,90852.19,2.02759
2025-11-29 23:33:00,90852.19,90852.19,90819.36,90828.55,0.96938
2025-11-29 23:34:00,90828.56,90828.56,90817.3,90817.31,1.29234
2025-11-29 23:35:00,90817.3,90835.56,90817.3,90823.52,1.4013
2025-11-29 23:36:00,90823.52,90826.47,90823.51,90826.46,1.43337
2025-11-29 23:37:00,90826.47,90826.47,90819.45,90819.46,2.03756
2025-11-29 23:38:00,90819.45,90869.07,90819.45,90869.06,5.38651
2025-11-29 23:39:00,90869.07,90896.97,90869.06,90881.73,5.0955
2025-11-29 23:40:00,90881.73,90889.91,90848.82,90848.82,3.33753
2025-11-29 23:41:00,90848.83,90848.83,90827.58,90827.59,3.21738
2025-11-29 23:42:00,90827.59,90835.56,90820.04,90835.56,2.85158
2025-11-29 23:43:00,90835.55,90864.22,90835.55,90856.44,3.16229
2025-11-29 23:44:00,90856.43,90856.44,90848.4,90850.75,1.09228
2025-11-29 23:45:00,90850.76,90850.76,90831.23,90835.56,3.64797
2025-11-29 23:46:00,90835.56,90851.81,90835.55,90851.8,1.40982
2025-11-29 23:47:00,90851.81,90851.81,90816.21,90831.0,1.87031
2025-11-29 23:48:00,90830.99,90835.56,90816.42,90831.86,1.77997
2025-11-29 23:49:00,90831.86,90831.86,90750.61,90750.62,6.93811
2025-11-29 23:50:00,90750.61,90770.97,90750.61,90770.96,3.6169
2025-11-29 23:51:00,90770.97,90796.39,90770.96,90796.39,2.75818
2025-11-29 23:52:00,90796.39,90808.05,90796.38,90808.05,0.85872
2025-11-29 23:53:00,90808.05,90842.0,90808.04,90842.0,2.86819
2025-11-29 23:54:00,90841.99,90842.0,90822.78,90822.78,1.28851
2025-11-29 23:55:00,90822.78,90825.52,90812.3,90825.52,0.65329
2025-11-29 23:56:00,90825.51,90830.45,90825.51,90830.45,0.40913
2025-11-29 23:57:00,90830.45,90835.56,90827.02,90827.03,1.43127
2025-11-29 23:58:00,90827.02,90827.03,90795.01,90795.01,1.50383
2025-11-29 23:59:00,90795.02,90802.44,90795.01,90802.44,0.49907
2025-11-30 00:00:00,90802.44,90835.55,90796.63,90834.27,5.24479
2025-11-30 00:01:00,90834.26,90835.55,90819.38,90835.55,1.72811
2025-11-30 00:02:00,90835.54,90835.55,90765.12,90765.13,4.69267
2025-11-30 00:03:00,90765.13,90833.76,90765.12,90833.76,3.34987
2025-11-30 00:04:00,90833.76,90844.7,90833.76,90844.7,1.35978
2025-11-30 00:05:00,90844.7,90853.45,90844.69,90853.45,0.6389
2025-11-30 00:06:00,90853.45,90885.97,90853.45,90885.97,2.82603
2025-11-30 00:07:00,90885.96,90885.97,90865.7,90884.14,1.74496
2025-11-30 00:08:00,90884.15,90884.15,90868.17,90882.24,2.51182
2025-11-30 00:09:00,90882.24,90903.09,90882.24,90903.09,1.81634
2025-11-30 00:10:00,90903.08,90918.08,90898.32,90898.33,3.65575
2025-11-30 00:11:00,90898.32,90898.33,90868.12,90868.13,1.94544
2025-11-30 00:12:00,90868.13,90883.01,90850.65,90883.01,3.135
2025-11-30 00:13:00,90883.01,90890.57,90883.0,90890.56,0.69833
2025-11-30 00:14:00,90890.57,90908.0,90887.35,90887.35,2.36751
2025-11-30 00:15:00,90887.36,90890.57,90860.0,90863.06,1.50947
2025-11-30 00:16:00,90863.06,90918.08,90863.06,90918.08,4.12778
2025-11-30 00:17:00,90918.08,90945.59,90918.07,90945.59,4.87791
2025-11-30 00:18:00,90945.59,90945.59,90884.04,90884.04,2.56331
2025-11-30 00:19:00,90884.04,90890.56,90884.03,90890.56,0.9452
2025-11-30 00:20:00,90890.56,90890.56,90860.01,90860.01,1.50647
2025-11-30 00:21:00,90860.02,90863.06,90855.65,90855.66,1.1654
2025-11-30 00:22:00,90855.66,90871.0,90855.65,90870.99,1.65249
2025-11-30 00:23:00,90870.99,90871.0,90848.32,90848.33,2.64749
2025-11-30 00:24:00,90848.33,90849.17,90841.53,90849.17,0.56014
2025-11-30 00:25:00,90849.17,90871.0,90849.17,90871.0,0.86096
2025-11-30 00:26:00,90871.0,90885.33,90871.0,90885.33,1.1029
2025-11-30 00:27:00,90885.32,90896.0,90885.32,90896.0,1.2911
2025-11-30 00:28:00,90895.99,90901.01,90890.47,90890.47,0.81035
2025-11-30 00:29:00,90890.48,90890.48,90863.02,90863.03,2.49024
2025-11-30 00:30:00,90863.03,90863.03,90850.42,90850.45,3.83004
2025-11-30 00:31:00,90850.44,90857.51,90850.44,90857.5,0.7914
2025-11-30 00:32:00,90857.51,90882.23,90857.5,90882.21,3.20362
2025-11-30 00:33:00,90882.2,90882.21,90863.05,90863.05,3.03139
2025-11-30 00:34:00,90863.05,90863.05,90841.96,90843.38,1.53248
2025-11-30 00:35:00,90843.37,90843.38,90830.03,90830.04,0.94926
2025-11-30 00:36:00,90830.04,90830.04,90830.03,90830.04,1.32553
2025-11-30 00:37:00,90830.04,90857.06,90830.03,90831.06,2.40891
2025-11-30 00:38:00,90831.05,90831.06,90816.5,90816.51,0.73227
2025-11-30 00:39:00,90816.5,90846.64,90816.5,90846.64,2.34068
2025-11-30 00:40:00,90846.63,90897.76,90846.63,90897.76,3.36091
2025-11-30 00:41:00,90897.76,90900.01,90872.44,90872.45,1.56819
2025-11-30 00:42:00,90872.45,90872.45,90863.02,90871.0,1.80233
2025-11-30 00:43:00,90871.0,90871.0,90847.12,90847.12,2.60869
2025-11-30 00:44:00,90847.13,90863.06,90847.13,90863.06,1.04679
2025-11-30 00:45:00,90863.05,90863.06,90820.0,90825.55,2.55625
2025-11-30 00:46:00,90825.55,90835.56,90825.55,90835.56,1.97131
2025-11-30 00:47:00,90835.56,90835.56,90820.01,90820.01,1.04476
2025-11-30 00:48:00,90820.01,90820.01,90811.5,90811.51,1.26365
2025-11-30 00:49:00,90811.5,90829.43,90811.5,90829.43,1.36135
2025-11-30 00:50:00,90829.43,90835.56,90829.42,90835.56,0.90764
2025-11-30 00:51:00,90835.55,90857.54,90835.55,90857.54,1.90666
2025-11-30 00:52:00,90857.53,90857.54,90857.53,90857.54,2.46745
2025-11-30 00:53:00,90857.54,90857.54,90837.69,90837.7,2.87755
2025-11-30 00:54:00,90837.69,90846.8,90837.69,90846.79,4.09512
2025-11-30 00:55:00,90846.8,90846.8,90846.79,90846.8,0.64114
2025-11-30 00:56:00,90846.79,90876.0,90846.79,90876.0,3.09897
2025-11-30 00:57:00,90876.0,90885.2,90875.99,90885.2,1.26876
2025-11-30 00:58:00,90885.2,90893.95,90885.2,90893.94,3.41701
2025-11-30 00:59:00,90893.94,90893.95,90893.94,90893.94,2.50653
2025-11-30 01:00:00,90893.94,90893.95,90863.05,90863.05,1.96673
2025-11-30 01:01:00,90863.05,90880.09,90863.05,90880.09,2.64688
2025-11-30 01:02:00,90880.09,90919.15,90880.09,90919.14,14.63655
2025-11-30 01:03:00,90919.14,90923.92,90919.14,90923.92,1.56139
2025-11-30 01:04:00,90922.33,90951.17,90922.32,90951.16,3.43187
2025-11-30 01:05:00,90951.17,91028.01,90951.16,91028.01,28.31516
2025-11-30 01:06:00,91028.0,91028.01,90982.32,90982.35,5.41874
2025-11-30 01:07:00,90982.35,91018.56,90982.34,90990.72,12.56974
2025-11-30 01:08:00,90990.73,91002.09,90989.3,91002.09,3.70698
2025-11-30 01:09:00,91002.08,91022.54,91002.08,91004.38,4.74697
2025-11-30 01:10:00,91004.38,91004.39,90992.29,90997.66,2.09574
2025-11-30 01:11:00,90997.66,91014.26,90997.65,91014.26,4.94051
2025-11-30 01:12:00,91014.25,91026.07,91008.88,91008.89,5.12966
2025-11-30 01:13:00,91008.9,91008.9,90994.62,90995.05,5.70571
2025-11-30 01:14:00,90995.06,91012.65,90995.05,91007.59,2.65619
2025-11-30 01:15:00,91007.6,91010.5,91007.59,91010.5,2.23597
2025-11-30 01:16:00,91010.5,91028.11,91010.49,91028.11,1.58277
2025-11-30 01:17:00,91028.11,91040.58,91028.1,91040.58,5.78589
2025-11-30 01:18:00,91040.58,91055.5,91040.57,91043.08,5.26706
2025-11-30 01:19:00,91043.07,91043.07,90964.99,90964.99,2.60648
2025-11-30 01:20:00,90965.0,90991.53,90964.98,90991.53,8.49072
2025-11-30 01:21:00,90991.53,90996.58,90962.42,90962.42,2.18548
2025-11-30 01:22:00,90962.42,90980.67,90960.0,90980.66,2.38218
2025-11-30 01:23:00,90980.66,90986.61,90980.66,90986.61,1.30551
2025-11-30 01:24:00,90986.6,90986.61,90951.0,90951.0,4.98394
2025-11-30 01:25:00,90951.01,90951.01,90935.43,90945.75,3.54962
2025-11-30 01:26:00,90945.74,90945.75,90907.02,90910.96,5.63113
2025-11-30 01:27:00,90910.95,90924.12,90910.95,90924.12,2.56716
2025-11-30 01:28:00,90924.12,90937.65,90924.11,90937.65,4.51009
2025-11-30 01:29:00,90937.64,90954.36,90937.64,90954.35,2.85006
2025-11-30 01:30:00,90954.35,90959.96,90954.35,90959.96,2.77603
2025-11-30 01:31:00,90959.96,91023.51,90956.23,91021.72,7.95972
2025-11-30 01:32:00,91021.72,91021.72,91009.82,91009.83,2.33959
2025-11-30 01:33:00,91009.83,91009.83,90993.11,91009.64,2.60497
2025-11-30 01:34:00,91009.63,91009.64,91009.63,91009.63,0.90703
2025-11-30 01:35:00,91009.63,91009.64,90991.63,91008.53,4.62152
2025-11-30 01:36:00,91008.53,91020.56,91000.59,91000.59,6.06009
2025-11-30 01:37:00,91000.6,91007.65,90982.93,91007.64,2.8206
2025-11-30 01:38:00,91007.65,91007.65,91001.29,91004.49,2.64826
2025-11-30 01:39:00,91004.48,91004.49,90980.52,90990.72,7.38057
2025-11-30 01:40:00,90990.72,90990.72,90973.21,90973.21,3.43335
2025-11-30 01:41:00,90973.22,90988.85,90973.21,90988.84,2.67086
2025-11-30 01:42:00,90988.84,90988.85,90946.14,90946.14,2.31536
2025-11-30 01:43:00,90946.14,90950.84,90932.81,90950.83,2.86263
2025-11-30 01:44:00,90950.84,90963.55,90950.83,90963.55,2.07349
2025-11-30 01:45:00,90963.55,90963.55,90938.45,90951.8,2.06618
2025-11-30 01:46:00,90951.8,90951.81,90943.57,90943.57,1.17164
2025-11-30 01:47:00,90943.57,90943.57,90915.39,90915.4,1.22296
2025-11-30 01:48:00,90915.39,90945.09,90915.39,90945.09,2.9827
2025-11-30 01:49:00,90945.09,90945.59,90945.09,90945.58,1.50946
2025-11-30 01:50:00,90945.59,90954.3,90945.58,90946.26,2.15526
2025-11-30 01:51:00,90946.26,90946.26,90912.76,90918.08,2.60315
2025-11-30 01:52:00,90918.08,90918.08,90900.0,90912.73,8.74317
2025-11-30 01:53:00,90912.74,90917.44,90912.73,90917.44,1.35416
2025-11-30 01:54:00,90917.44,90922.58,90917.43,90922.57,1.58603
2025-11-30 01:55:00,90922.57,90922.58,90922.56,90922.56,1.72068
2025-11-30 01:56:00,90922.56,90922.56,90906.44,90906.45,1.73729
2025-11-30 01:57:00,90906.44,90940.57,90906.44,90940.56,6.89345
2025-11-30 01:58:00,90940.56,90940.57,90927.58,90927.94,0.65918
2025-11-30 01:59:00,90927.93,90927.94,90913.29,90913.31,1.55473
2025-11-30 02:00:00,90913.3,90935.11,90913.3,90930.78,2.86243
2025-11-30 02:01:00,90930.78,90936.31,90924.71,90936.31,2.7068
2025-11-30 02:02:00,90936.31,90969.46,90936.31,90969.4,2.38881
2025-11-30 02:03:00,90969.4,90976.26,90965.27,90965.29,2.60107
2025-11-30 02:04:00,90965.29,91000.3,90965.28,91000.29,3.5874
2025-11-30 02:05:00,91000.3,91000.3,90973.21,90983.56,6.12001
2025-11-30 02:06:00,90983.55,91002.53,90983.55,91002.52,3.27427
2025-11-30 02:07:00,91002.53,91021.47,91002.52,91021.47,4.29779
2025-11-30 02:08:00,91021.48,91024.7,91021.48,91024.69,3.22145
2025-11-30 02:09:00,91024.69,91024.7,91005.48,91010.76,2.68809
2025-11-30 02:10:00,91010.76,91032.18,91010.76,91032.18,5.62308
2025-11-30 02:11:00,91032.18,91032.18,90973.26,90973.27,25.99914
2025-11-30 02:12:00,90973.27,90973.27,90944.4,90944.4,27.8666
2025-11-30 02:13:00,90944.41,90955.33,90944.4,90944.79,12.53806
2025-11-30 02:14:00,90944.8,90944.8,90944.79,90944.79,0.62654
2025-11-30 02:15:00,90944.8,90961.79,90944.79,90946.39,7.93378
2025-11-30 02:16:00,90946.39,90946.39,90901.0,90901.02,34.96329
2025-11-30 02:17:00,90901.02,90903.51,90900.0,90900.0,10.41295
2025-11-30 02:18:00,90900.01,90938.99,90900.01,90936.57,8.22817
2025-11-30 02:19:00,90936.57,90945.61,90936.57,90945.6,2.03649
2025-11-30 02:20:00,90945.61,90945.61,90907.57,90907.58,1.99013
2025-11-30 02:21:00,90907.57,90975.99,90907.57,90975.99,5.32756
2025-11-30 02:22:00,90975.98,90984.0,90975.98,90983.99,3.95832
2025-11-30 02:23:00,90983.99,90991.08,90974.99,90974.99,4.31097
2025-11-30 02:24:00,90975.0,90985.35,90960.0,90960.0,3.34448
2025-11-30 02:25:00,90960.0,90960.0,90926.49,90926.49,7.92194
2025-11-30 02:26:00,90926.5,90926.5,90916.09,90916.1,1.42353
2025-11-30 02:27:00,90916.1,90916.1,90916.08,90916.08,1.22532
2025-11-30 02:28:00,90916.09,90956.43,90916.08,90956.43,4.08715
2025-11-30 02:29:00,90956.42,90960.0,90950.59,90959.99,1.77024
2025-11-30 02:30:00,90960.0,90960.0,90954.84,90954.85,0.91363
2025-11-30 02:31:00,90954.84,90962.91,90954.84,90962.9,1.81819
2025-11-30 02:32:00,90962.9,90981.69,90962.9,90981.68,2.58337
2025-11-30 02:33:00,90981.69,90990.73,90981.68,90990.72,1.29409
2025-11-30 02:34:00,90990.73,90993.92,90990.72,90993.92,0.95682
2025-11-30 02:35:00,90993.91,90993.92,90981.8,90981.81,2.01832
2025-11-30 02:36:00,90981.81,90981.81,90920.74,90920.74,5.33968
2025-11-30 02:37:00,90920.73,90920.73,90870.99,90871.1,10.11759
2025-11-30 02:38:00,90871.09,90885.8,90870.99,90874.17,3.08555
2025-11-30 02:39:00,90874.17,90890.7,90874.17,90890.7,2.3001
2025-11-30 02:40:00,90890.69,90890.7,90853.01,90853.02,3.55625
2025-11-30 02:41:00,90853.01,90853.03,90834.24,90846.05,10.97842
2025-11-30 02:42:00,90846.05,90860.01,90846.04,90847.21,2.93215
2025-11-30 02:43:00,90847.2,90847.21,90829.43,90829.98,1.71223
2025-11-30 02:44:00,90829.99,90854.28,90829.44,90854.28,3.75042
2025-11-30 02:45:00,90854.28,90854.28,90832.82,90835.55,1.30547
2025-11-30 02:46:00,90835.55,90849.46,90824.0,90849.46,5.88912
2025-11-30 02:47:00,90849.46,90870.99,90849.46,90863.89,3.39185
2025-11-30 02:48:00,90863.9,90863.9,90851.9,90851.91,1.02434
2025-11-30 02:49:00,90851.9,90851.9,90835.41,90848.14,2.79238
2025-11-30 02:50:00,90848.13,90849.0,90842.67,90848.99,2.88453
2025-11-30 02:51:00,90849.0,90871.0,90840.14,90840.15,5.82407
2025-11-30 02:52:00,90840.14,90840.14,90830.26,90830.26,3.25035
2025-11-30 02:53:00,90830.26,90830.27,90770.99,90790.08,11.49868
2025-11-30 02:54:00,90790.08,90790.08,90783.72,90790.07,2.20779
2025-11-30 02:55:00,90790.08,90790.08,90749.9,90771.94,12.33351
2025-11-30 02:56:00,90771.94,90785.77,90771.94,90781.7,3.04442
2025-11-30 02:57:00,90781.69,90781.8,90764.38,90780.53,4.06828
2025-11-30 02:58:00,90780.53,90784.35,90776.04,90784.35,2.0445
2025-11-30 02:59:00,90784.34,90795.52,90784.34,90795.51,1.56911
2025-11-30 03:00:00,90795.52,90795.54,90781.77,90781.78,2.83655
2025-11-30 03:01:00,90781.77,90781.77,90752.64,90752.65,4.79561
2025-11-30 03:02:00,90752.65,90810.1,90752.64,90810.1,8.61457
2025-11-30 03:03:00,90810.1,90819.75,90808.58,90808.59,2.16753
2025-11-30 03:04:00,90808.59,90808.59,90776.68,90776.69,4.01962
2025-11-30 03:05:00,90776.68,90776.69,90744.1,90775.66,6.87785
2025-11-30 03:06:00,90775.67,90785.14,90775.66,90785.13,4.30579
2025-11-30 03:07:00,90785.14,90785.14,90730.24,90730.24,5.89382
2025-11-30 03:08:00,90730.24,90730.25,90650.0,90650.0,27.74446
2025-11-30 03:09:00,90650.01,90666.05,90638.13,90638.13,24.49999
2025-11-30 03:10:00,90638.13,90660.45,90625.0,90646.2,23.31906
2025-11-30 03:11:00,90646.19,90664.85,90606.0,90606.01,14.748
2025-11-30 03:12:00,90606.01,90636.19,90606.01,90618.4,7.40924
2025-11-30 03:13:00,90618.4,90618.42,90608.13,90611.33,4.26972
2025-11-30 03:14:00,90611.32,90622.18,90611.32,90615.48,6.9791
2025-11-30 03:15:00,90615.48,90647.98,90591.26,90647.98,10.84038
2025-11-30 03:16:00,90647.98,90647.99,90607.05,90607.05,7.32741
2025-11-30 03:17:00,90607.05,90624.31,90588.77,90615.3,6.48273
2025-11-30 03:18:00,90615.3,90615.3,90517.64,90517.64,18.77845
2025-11-30 03:19:00,90517.65,90555.19,90480.0,90480.19,17.9458
2025-11-30 03:20:00,90480.19,90504.88,90471.0,90490.49,23.61859
2025-11-30 03:21:00,90490.49,90569.99,90490.49,90569.99,13.45912
2025-11-30 03:22:00,90569.98,90630.56,90569.98,90630.56,6.49217
2025-11-30 03:23:00,90630.57,90703.7,90630.57,90697.31,9.29617
2025-11-30 03:24:00,90697.31,90720.0,90697.3,90719.82,4.55928
2025-11-30 03:25:00,90719.81,90719.81,90696.76,90719.8,23.60471
2025-11-30 03:26:00,90719.8,90719.8,90687.91,90687.92,1.99785
2025-11-30 03:27:00,90687.92,90692.0,90687.92,90690.24,6.01227
2025-11-30 03:28:00,90690.24,90690.25,90687.22,90687.23,1.92011
2025-11-30 03:29:00,90687.22,90687.23,90687.22,90687.23,1.22474
2025-11-30 03:30:00,90687.23,90715.9,90673.66,90715.89,4.8986
2025-11-30 03:31:00,90715.89,90765.73,90715.89,90765.73,3.39914
2025-11-30 03:32:00,90765.73,90775.99,90733.48,90733.5,5.90613
2025-11-30 03:33:00,90733.49,90763.02,90733.49,90763.02,3.5185
2025-11-30 03:34:00,90763.02,90765.73,90728.08,90728.09,4.31527
2025-11-30 03:35:00,90728.09,90739.67,90698.76,90708.54,2.90967
2025-11-30 03:36:00,90708.55,90708.55,90699.68,90707.54,2.68139
2025-11-30 03:37:00,90707.53,90733.81,90707.53,90725.46,5.66203
2025-11-30 03:38:00,90725.45,90744.94,90718.8,90718.8,5.06033
2025-11-30 03:39:00,90718.79,90726.51,90718.79,90726.51,1.47877
2025-11-30 03:40:00,90726.51,90824.33,90726.51,90801.05,16.02507
2025-11-30 03:41:00,90801.04,90823.92,90780.0,90810.4,5.29414
2025-11-30 03:42:00,90810.4,90842.01,90810.4,90842.01,3.28419
2025-11-30 03:43:00,90842.02,90908.98,90842.01,90908.98,10.38813
2025-11-30 03:44:00,90908.97,90908.98,90898.21,90903.49,2.68615
2025-11-30 03:45:00,90903.49,90909.07,90902.97,90904.03,3.45093
2025-11-30 03:46:00,90904.03,90904.03,90863.47,90900.36,4.7601
2025-11-30 03:47:00,90900.36,90917.96,90900.36,90917.95,3.41349
2025-11-30 03:48:00,90917.96,90917.96,90898.22,90898.22,1.20036
2025-11-30 03:49:00,90898.23,90898.23,90897.24,90897.24,1.47672
2025-11-30 03:50:00,90897.24,90897.24,90887.1,90887.1,1.32822
2025-11-30 03:51:00,90887.1,90887.11,90870.99,90871.0,2.46442
2025-11-30 03:52:00,90870.99,90885.55,90870.99,90885.54,2.05468
2025-11-30 03:53:00,90885.55,90885.55,90885.54,90885.55,1.25487
2025-11-30 03:54:00,90885.54,90885.55,90852.34,90871.05,5.93827
2025-11-30 03:55:00,90871.06,90871.06,90866.31,90866.32,0.74886
2025-11-30 03:56:00,90866.32,90890.56,90866.31,90890.55,3.10976
2025-11-30 03:57:00,90890.55,90909.85,90890.55,90900.76,5.71511
2025-11-30 03:58:00,90900.75,90900.76,90890.12,90890.13,1.23759
2025-11-30 03:59:00,90890.13,90909.35,90890.12,90909.35,1.00783
2025-11-30 04:00:00,90909.35,90917.1,90883.74,90900.81,7.44551
2025-11-30 04:01:00,90900.82,90900.82,90873.28,90873.29,2.95799
2025-11-30 04:02:00,90873.29,90914.72,90867.29,90914.72,2.41128
2025-11-30 04:03:00,90914.72,90970.33,90914.71,90968.28,4.55011
2025-11-30 04:04:00,90968.28,90968.28,90927.24,90955.53,5.70002
2025-11-30 04:05:00,90955.53,90955.53,90912.31,90918.05,0.68485
2025-11-30 04:06:00,90918.04,90942.93,90918.04,90942.92,1.21461
2025-11-30 04:07:00,90942.92,90970.36,90942.92,90970.35,1.12264
2025-11-30 04:08:00,90970.36,90970.36,90933.05,90933.05,1.70673
2025-11-30 04:09:00,90933.06,90968.96,90933.06,90937.76,2.46141
2025-11-30 04:10:00,90937.76,90964.5,90937.76,90964.5,0.79172
2025-11-30 04:11:00,90964.51,90964.51,90964.5,90964.5,2.53793
2025-11-30 04:12:00,90964.51,90964.51,90964.5,90964.5,0.28453
2025-11-30 04:13:00,90964.5,90964.51,90923.8,90930.16,6.20597
2025-11-30 04:14:00,90930.16,90937.3,90930.15,90937.29,1.79937
2025-11-30 04:15:00,90937.3,90937.3,90920.22,90930.66,1.83255
2025-11-30 04:16:00,90930.66,90936.58,90928.45,90928.45,0.86633
2025-11-30 04:17:00,90928.46,90928.46,90904.0,90915.91,1.76553
2025-11-30 04:18:00,90915.9,90915.91,90876.46,90889.2,2.58878
2025-11-30 04:19:00,90889.19,90915.92,90889.19,90915.91,1.02999
2025-11-30 04:20:00,90915.91,90927.99,90915.91,90927.98,0.63655
2025-11-30 04:21:00,90927.98,90938.16,90927.98,90938.15,0.71962
2025-11-30 04:22:00,90938.15,90938.16,90907.11,90912.57,2.15591
2025-11-30 04:23:00,90912.57,90918.06,90912.56,90918.06,0.48812
2025-11-30 04:24:00,90918.06,90918.06,90912.71,90918.0,0.31113
2025-11-30 04:25:00,90917.99,90918.0,90860.55,90871.0,1.76019
2025-11-30 04:26:00,90871.0,90884.63,90870.99,90884.62,0.94239
2025-11-30 04:27:00,90884.62,90884.63,90884.62,90884.63,0.28087
2025-11-30 04:28:00,90884.63,90889.86,90870.52,90870.52,2.05801
2025-11-30 04:29:00,90870.52,90870.53,90870.52,90870.53,0.1715
2025-11-30 04:30:00,90870.53,90875.95,90860.55,90875.95,1.6006
2025-11-30 04:31:00,90875.95,90889.58,90875.94,90889.58,0.37673
2025-11-30 04:32:00,90889.57,90889.57,90828.05,90857.6,3.89817
2025-11-30 04:33:00,90857.61,90871.0,90857.6,90870.99,0.94545
2025-11-30 04:34:00,90871.0,90880.0,90869.08,90880.0,1.2385
2025-11-30 04:35:00,90879.99,90888.54,90879.99,90888.54,0.58903
2025-11-30 04:36:00,90888.53,90899.09,90874.91,90874.91,1.69164
2025-11-30 04:37:00,90874.91,90874.91,90863.1,90863.11,2.42718
2025-11-30 04:38:00,90863.11,90871.0,90863.11,90871.0,0.53262
2025-11-30 04:39:00,90871.0,90890.4,90870.99,90890.4,2.5633
2025-11-30 04:40:00,90890.4,90890.4,90888.26,90888.27,0.85744
2025-11-30 04:41:00,90888.27,90888.27,90863.81,90863.87,1.57314
2025-11-30 04:42:00,90863.87,90863.87,90840.0,90840.0,0.53306
2025-11-30 04:43:00,90840.0,90840.01,90829.69,90834.77,1.03897
2025-11-30 04:44:00,90834.76,90840.0,90826.41,90840.0,1.01601
2025-11-30 04:45:00,90840.0,90840.0,90826.41,90826.41,1.67367
2025-11-30 04:46:00,90826.42,90849.1,90822.64,90849.1,2.52138
2025-11-30 04:47:00,90849.1,90850.94,90849.09,90850.89,0.47398
2025-11-30 04:48:00,90850.89,90850.89,90799.91,90803.18,3.17206
2025-11-30 04:49:00,90803.18,90824.99,90803.17,90824.99,1.61588
2025-11-30 04:50:00,90824.99,90843.14,90824.99,90843.14,1.95565
2025-11-30 04:51:00,90843.14,90856.69,90833.63,90833.63,0.988
2025-11-30 04:52:00,90833.64,90835.07,90821.55,90835.06,0.8589
2025-11-30 04:53:00,90835.07,90841.95,90835.06,90841.94,0.40165
2025-11-30 04:54:00,90841.95,90841.95,90841.94,90841.95,1.03979
2025-11-30 04:55:00,90841.95,90841.95,90841.94,90841.95,0.28081
2025-11-30 04:56:00,90841.94,90841.94,90821.56,90827.23,1.08792
2025-11-30 04:57:00,90827.23,90841.77,90827.22,90841.76,1.04302
2025-11-30 04:58:00,90841.76,90857.99,90841.76,90857.99,1.15252
2025-11-30 04:59:00,90857.98,90858.0,90857.98,90858.0,0.35655
2025-11-30 05:00:00,90857.99,90857.99,90848.01,90848.02,2.51064
2025-11-30 05:01:00,90848.01,90848.01,90821.56,90821.57,1.54722
2025-11-30 05:02:00,90821.57,90821.57,90790.91,90790.92,1.79048
2025-11-30 05:03:00,90790.92,90790.92,90790.91,90790.92,0.30598
2025-11-30 05:04:00,90790.92,90790.92,90765.72,90765.73,2.57651
2025-11-30 05:05:00,90765.72,90765.73,90746.17,90746.18,6.37774
2025-11-30 05:06:00,90746.18,90753.02,90746.17,90753.02,2.20703
2025-11-30 05:07:00,90753.01,90772.97,90753.01,90770.84,2.93724
2025-11-30 05:08:00,90770.83,90770.83,90732.53,90750.31,1.04073
2025-11-30 05:09:00,90750.3,90762.02,90750.3,90762.02,0.56198
2025-11-30 05:10:00,90762.01,90765.54,90762.01,90765.53,2.85438
2025-11-30 05:11:00,90765.53,90765.72,90765.52,90765.72,1.37564
2025-11-30 05:12:00,90765.73,90795.73,90765.72,90795.73,1.67259
2025-11-30 05:13:00,90795.72,90795.73,90769.14,90769.14,8.13219
2025-11-30 05:14:00,90769.15,90780.54,90769.14,90780.53,0.64946
2025-11-30 05:15:00,90780.54,90811.73,90780.53,90799.99,3.82495
2025-11-30 05:16:00,90799.99,90800.0,90780.0,90780.01,0.93814
2025-11-30 05:17:00,90780.0,90780.0,90677.7,90677.71,14.22106
2025-11-30 05:18:00,90677.71,90696.7,90677.71,90693.07,1.13003
2025-11-30 05:19:00,90693.07,90735.06,90677.7,90735.06,5.36129
2025-11-30 05:20:00,90735.06,90735.06,90718.66,90718.67,2.49865
2025-11-30 05:21:00,90718.66,90734.55,90709.81,90734.54,1.37414
2025-11-30 05:22:00,90734.54,90734.55,90670.4,90670.41,4.0051
2025-11-30 05:23:00,90670.41,90693.12,90670.41,90693.12,0.94577
2025-11-30 05:24:00,90693.11,90693.12,90693.11,90693.11,0.33214
2025-11-30 05:25:00,90693.12,90718.58,90693.12,90718.57,1.57775
2025-11-30 05:26:00,90718.57,90718.58,90704.07,90704.08,0.90169
2025-11-30 05:27:00,90704.07,90704.08,90698.58,90704.06,0.6414
2025-11-30 05:28:00,90704.06,90704.07,90704.06,90704.07,0.34439
2025-11-30 05:29:00,90704.06,90704.07,90682.9,90682.9,1.61587
2025-11-30 05:30:00,90682.9,90710.16,90682.9,90710.16,3.64298
2025-11-30 05:31:00,90710.16,90720.0,90710.15,90720.0,0.94745
2025-11-30 05:32:00,90720.0,90736.71,90720.0,90736.71,1.67141
2025-11-30 05:33:00,90736.71,90753.03,90736.7,90753.02,0.59093
2025-11-30 05:34:00,90753.03,90753.03,90710.15,90710.15,2.70174
2025-11-30 05:35:00,90710.16,90739.48,90710.15,90714.81,1.58036
2025-11-30 05:36:00,90714.8,90717.14,90710.0,90717.14,0.80818
2025-11-30 05:37:00,90717.13,90717.15,90706.09,90706.09,3.13548
2025-11-30 05:38:00,90706.1,90728.69,90706.09,90728.68,0.61087
2025-11-30 05:39:00,90728.69,90728.69,90718.24,90726.76,3.96739
2025-11-30 05:40:00,90726.77,90750.0,90726.77,90750.0,1.77845
2025-11-30 05:41:00,90749.99,90759.07,90749.99,90759.06,1.40554
2025-11-30 05:42:00,90759.06,90765.72,90759.06,90765.72,0.38211
2025-11-30 05:43:00,90765.72,90779.34,90765.72,90779.34,1.20384
2025-11-30 05:44:00,90779.33,90779.34,90758.35,90758.35,7.64003
2025-11-30 05:45:00,90758.36,90758.36,90728.43,90738.42,3.15727
2025-11-30 05:46:00,90738.42,90738.43,90733.53,90733.54,0.63776
2025-11-30 05:47:00,90733.54,90750.83,90733.53,90750.82,5.39417
2025-11-30 05:48:00,90750.82,90770.72,90737.04,90750.12,8.29723
2025-11-30 05:49:00,90750.11,90750.12,90729.98,90729.98,1.55239
2025-11-30 05:50:00,90729.99,90782.7,90729.98,90779.13,6.56081
2025-11-30 05:51:00,90779.13,90804.66,90779.13,90804.65,0.88027
2025-11-30 05:52:00,90804.65,90812.9,90801.55,90801.55,2.20736
2025-11-30 05:53:00,90801.56,90801.56,90795.38,90795.39,2.23436
2025-11-30 05:54:00,90795.39,90808.04,90795.39,90808.04,0.79071
2025-11-30 05:55:00,90808.03,90817.13,90808.03,90817.12,1.60488
2025-11-30 05:56:00,90817.13,90817.13,90811.09,90811.1,1.61156
2025-11-30 05:57:00,90811.1,90811.1,90809.98,90809.98,1.14879
2025-11-30 05:58:00,90809.98,90809.99,90799.19,90799.19,0.50458
2025-11-30 05:59:00,90799.19,90799.2,90783.75,90783.75,1.43506
2025-11-30 06:00:00,90783.76,90783.76,90783.75,90783.76,0.63469
2025-11-30 06:01:00,90783.75,90796.4,90783.75,90796.4,2.56626
2025-11-30 06:02:00,90796.4,90814.73,90796.4,90814.73,0.63486
2025-11-30 06:03:00,90814.73,90814.73,90801.76,90801.77,1.85546
2025-11-30 06:04:00,90801.76,90827.57,90801.76,90827.57,2.95092
2025-11-30 06:05:00,90827.57,90846.98,90827.56,90846.97,1.27464
2025-11-30 06:06:00,90846.97,90859.53,90846.97,90859.52,1.52918
2025-11-30 06:07:00,90859.53,90870.05,90859.53,90870.05,0.79625
2025-11-30 06:08:00,90870.05,90870.05,90788.75,90788.76,5.07525
2025-11-30 06:09:00,90788.75,90788.75,90717.51,90717.51,8.77857
2025-11-30 06:10:00,90717.52,90743.18,90717.51,90743.18,3.03582
2025-11-30 06:11:00,90743.17,90743.18,90742.73,90742.73,1.13979
2025-11-30 06:12:00,90742.73,90774.07,90742.72,90774.07,3.28032
2025-11-30 06:13:00,90774.06,90774.07,90767.06,90767.07,0.6895
2025-11-30 06:14:00,90767.07,90767.07,90767.01,90767.01,0.55482
2025-11-30 06:15:00,90767.02,90767.02,90733.02,90733.03,1.11051
2025-11-30 06:16:00,90733.03,90740.43,90718.47,90740.43,2.37656
2025-11-30 06:17:00,90740.43,90783.73,90740.43,90783.72,1.98494
2025-11-30 06:18:00,90783.72,90796.0,90769.69,90769.7,1.48848
2025-11-30 06:19:00,90769.69,90778.78,90769.69,90778.78,1.18913
2025-11-30 06:20:00,90778.78,90798.97,90778.77,90798.97,0.8494
2025-11-30 06:21:00,90798.97,90817.44,90798.95,90817.43,1.82337
2025-11-30 06:22:00,90817.44,90851.85,90817.43,90851.84,0.92524
2025-11-30 06:23:00,90851.85,90851.85,90851.84,90851.84,0.31341
2025-11-30 06:24:00,90851.85,90871.01,90851.85,90871.01,1.91519
2025-11-30 06:25:00,90871.01,90893.85,90871.0,90893.85,2.53097
2025-11-30 06:26:00,90893.85,90909.3,90893.84,90898.99,2.68028
2025-11-30 06:27:00,90898.99,90898.99,90880.0,90888.55,2.56117
2025-11-30 06:28:00,90888.54,90895.39,90880.0,90895.38,3.94358
2025-11-30 06:29:00,90895.38,90908.95,90895.38,90908.95,0.57364
2025-11-30 06:30:00,90908.94,90921.85,90908.94,90921.84,1.17748
2025-11-30 06:31:00,90921.84,90921.85,90888.54,90912.56,2.83883
2025-11-30 06:32:00,90912.56,90937.5,90912.56,90937.5,2.76933
2025-11-30 06:33:00,90937.49,90937.5,90921.45,90921.46,2.90216
2025-11-30 06:34:00,90921.45,90936.06,90921.45,90936.05,0.77172
2025-11-30 06:35:00,90936.05,90936.06,90924.19,90924.22,2.15976
2025-11-30 06:36:00,90924.21,90933.06,90924.21,90933.05,0.91994
2025-11-30 06:37:00,90933.05,90933.06,90905.4,90905.41,3.26778
2025-11-30 06:38:00,90905.4,90915.26,90905.4,90915.26,0.84455
2025-11-30 06:39:00,90915.26,90915.26,90909.0,90915.04,7.15281
2025-11-30 06:40:00,90915.04,90917.04,90915.03,90917.04,0.83339
2025-11-30 06:41:00,90917.03,90917.04,90893.24,90898.97,1.4258
2025-11-30 06:42:00,90898.97,90912.06,90898.97,90905.34,1.26399
2025-11-30 06:43:00,90905.33,90916.57,90905.33,90916.56,1.23015
2025-11-30 06:44:00,90916.56,90920.0,90916.56,90920.0,1.73825
2025-11-30 06:45:00,90920.0,90920.0,90904.36,90914.1,2.47305
2025-11-30 06:46:00,90914.1,90927.88,90870.0,90882.72,9.63815
2025-11-30 06:47:00,90882.72,90889.92,90882.71,90889.92,1.27363
2025-11-30 06:48:00,90889.91,90895.2,90872.11,90872.11,2.41217
2025-11-30 06:49:00,90872.12,90878.49,90872.11,90878.49,0.52918
2025-11-30 06:50:00,90878.49,90888.54,90878.49,90888.54,0.52439
2025-11-30 06:51:00,90888.54,90907.5,90888.53,90907.5,2.90473
2025-11-30 06:52:00,90907.49,90907.5,90870.65,90888.53,4.34687
2025-11-30 06:53:00,90888.54,90888.54,90874.52,90874.53,1.61277
2025-11-30 06:54:00,90874.53,90885.39,90874.53,90885.37,4.46054
2025-11-30 06:55:00,90885.37,90885.39,90885.37,90885.37,0.97972
2025-11-30 06:56:00,90885.38,90901.13,90879.54,90879.55,4.71627
2025-11-30 06:57:00,90879.54,90879.55,90879.54,90879.54,0.31712
2025-11-30 06:58:00,90879.55,90898.7,90879.54,90898.68,3.34588
2025-11-30 06:59:00,90898.68,90898.69,90898.68,90898.68,2.45672
2025-11-30 07:00:00,90898.69,90898.69,90861.04,90888.53,3.67328
2025-11-30 07:01:00,90888.53,90888.54,90860.01,90860.02,2.26153
2025-11-30 07:02:00,90860.02,90878.94,90860.01,90878.94,1.08625
2025-11-30 07:03:00,90878.93,90887.82,90878.93,90887.82,0.35349
2025-11-30 07:04:00,90887.82,90899.99,90887.81,90899.98,0.79121
2025-11-30 07:05:00,90899.99,90936.87,90899.98,90936.86,1.44878
2025-11-30 07:06:00,90936.87,90936.87,90920.84,90926.9,1.8361
2025-11-30 07:07:00,90926.9,90926.9,90926.89,90926.9,0.80306
2025-11-30 07:08:00,90926.9,90932.06,90926.89,90932.06,0.66111
2025-11-30 07:09:00,90932.05,90932.05,90897.61,90900.8,3.32553
2025-11-30 07:10:00,90900.79,90900.79,90871.15,90896.6,2.4115
2025-11-30 07:11:00,90896.61,90941.17,90896.6,90941.17,3.41737
2025-11-30 07:12:00,90941.16,90942.1,90941.16,90942.1,0.30691
2025-11-30 07:13:00,90942.09,90957.28,90942.09,90957.26,3.55131
2025-11-30 07:14:00,90957.27,90968.51,90957.26,90968.51,1.89218
2025-11-30 07:15:00,90968.51,90968.51,90957.27,90957.28,2.85143
2025-11-30 07:16:00,90957.27,90957.28,90942.09,90942.09,1.29616
2025-11-30 07:17:00,90942.1,90964.53,90942.09,90954.53,3.63211
2025-11-30 07:18:00,90954.54,90954.54,90916.02,90952.72,4.71542
2025-11-30 07:19:00,90952.73,90967.77,90952.72,90967.77,1.14817
2025-11-30 07:20:00,90967.77,90967.77,90946.42,90956.68,1.86398
2025-11-30 07:21:00,90956.67,90956.68,90943.42,90949.79,1.06874
2025-11-30 07:22:00,90949.79,90956.67,90949.79,90956.67,0.43622
2025-11-30 07:23:00,90956.67,90956.67,90941.76,90941.76,1.33542
2025-11-30 07:24:00,90941.76,90950.15,90941.76,90950.14,0.61133
2025-11-30 07:25:00,90950.15,90953.23,90950.14,90953.17,0.74773
2025-11-30 07:26:00,90953.16,90963.61,90953.16,90963.61,1.29922
2025-11-30 07:27:00,90963.61,90976.26,90963.61,90976.25,3.8424
2025-11-30 07:28:00,90976.26,90976.26,90976.25,90976.25,0.39971
2025-11-30 07:29:00,90976.26,90976.26,90955.38,90955.4,6.62951
2025-11-30 07:30:00,90955.39,90955.43,90939.21,90939.22,4.09867
2025-11-30 07:31:00,90939.22,90950.55,90939.21,90950.55,0.78101
2025-11-30 07:32:00,90950.54,90970.74,90950.54,90970.74,1.55895
2025-11-30 07:33:00,90970.73,90970.74,90948.84,90951.95,2.96475
2025-11-30 07:34:00,90951.95,90951.96,90951.95,90951.96,0.50103
2025-11-30 07:35:00,90951.96,90961.61,90932.99,90932.99,3.37791
2025-11-30 07:36:00,90932.98,90961.6,90930.34,90950.93,1.19339
2025-11-30 07:37:00,90950.93,90964.11,90950.93,90952.32,0.92306
2025-11-30 07:38:00,90952.32,90952.32,90952.31,90952.32,0.63482
2025-11-30 07:39:00,90952.31,90961.81,90952.31,90955.66,0.73029
2025-11-30 07:40:00,90955.65,90955.66,90928.15,90928.17,2.79842
2025-11-30 07:41:00,90928.16,90928.17,90920.13,90924.41,1.96022
2025-11-30 07:42:00,90924.41,90924.41,90899.94,90904.66,4.61832
2025-11-30 07:43:00,90904.66,90906.64,90904.65,90906.63,3.01704
2025-11-30 07:44:00,90906.63,90915.72,90906.63,90915.71,0.41153
2025-11-30 07:45:00,90915.71,90967.5,90910.27,90958.75,14.843
2025-11-30 07:46:00,90958.75,90958.75,90935.22,90935.23,0.66374
2025-11-30 07:47:00,90935.23,91019.99,90935.22,91013.6,16.20426
2025-11-30 07:48:00,91013.6,91013.61,91006.33,91012.71,11.09937
2025-11-30 07:49:00,91012.7,91033.65,91012.7,91033.42,5.60966
2025-11-30 07:50:00,91033.41,91037.72,91000.0,91000.01,5.26456
2025-11-30 07:51:00,91000.0,91009.1,90954.46,90954.46,3.61543
2025-11-30 07:52:00,90954.45,90954.46,90940.83,90940.83,2.18525
2025-11-30 07:53:00,90940.84,90950.34,90934.01,90934.01,1.67489
2025-11-30 07:54:00,90934.02,90938.21,90922.2,90928.51,6.16451
2025-11-30 07:55:00,90928.51,90954.48,90918.68,90954.46,4.6688
2025-11-30 07:56:00,90954.46,90998.0,90954.46,90997.99,2.36283
2025-11-30 07:57:00,90997.99,90998.0,90979.55,90979.55,1.43255
2025-11-30 07:58:00,90979.55,90982.75,90979.55,90982.74,0.67095
2025-11-30 07:59:00,90982.74,90982.75,90957.89,90968.16,4.52021
2025-11-30 08:00:00,90968.16,90968.17,90931.92,90931.93,14.25551
2025-11-30 08:01:00,90931.92,90976.25,90927.16,90976.24,60.09566
2025-11-30 08:02:00,90976.23,90999.99,90975.59,90981.81,7.14637
2025-11-30 08:03:00,90981.82,91007.7,90981.81,91007.7,4.44448
2025-11-30 08:04:00,91007.69,91007.7,90974.42,90974.42,1.89131
2025-11-30 08:05:00,90974.42,91000.16,90967.8,91000.16,6.23501
2025-11-30 08:06:00,91000.16,91011.84,91000.15,91011.83,0.6548
2025-11-30 08:07:00,91011.84,91011.84,91011.83,91011.84,1.67299
2025-11-30 08:08:00,91011.84,91011.85,91004.07,91004.07,1.61532
2025-11-30 08:09:00,91004.08,91017.26,91004.07,91017.25,4.11478
2025-11-30 08:10:00,91017.26,91039.9,91010.92,91039.9,4.64653
2025-11-30 08:11:00,91039.9,91039.9,91018.71,91018.71,3.85676
2025-11-30 08:12:00,91018.72,91018.72,90988.33,90988.33,2.51648
2025-11-30 08:13:00,90988.33,90988.34,90980.0,90986.36,1.55803
2025-11-30 08:14:00,90986.36,90986.37,90986.36,90986.37,0.68375
2025-11-30 08:15:00,90986.37,90986.37,90965.87,90966.59,4.60405
2025-11-30 08:16:00,90966.58,90981.94,90966.58,90981.94,4.07899
2025-11-30 08:17:00,90981.95,91000.0,90981.94,90999.99,2.34395
2025-11-30 08:18:00,90999.99,91000.0,90991.61,90999.99,7.00242
2025-11-30 08:19:00,90999.99,91039.58,90999.99,91039.58,2.82494
2025-11-30 08:20:00,91039.58,91051.25,91033.6,91051.25,5.39181
2025-11-30 08:21:00,91051.24,91097.9,91037.94,91096.99,8.11763
2025-11-30 08:22:00,91097.0,91103.99,91091.22,91103.98,7.32979
2025-11-30 08:23:00,91103.98,91438.99,91103.98,91416.33,203.22036
2025-11-30 08:24:00,91416.33,91416.33,91310.84,91310.84,91.2433
2025-11-30 08:25:00,91310.84,91310.85,91215.5,91266.0,44.8267
2025-11-30 08:26:00,91266.01,91280.54,91210.0,91259.0,16.76698
2025-11-30 08:27:00,91258.99,91292.06,91224.0,91237.36,5.4561
2025-11-30 08:28:00,91237.35,91237.36,91155.54,91155.54,10.10063
2025-11-30 08:29:00,91155.54,91176.0,91126.64,91161.61,48.10321
2025-11-30 08:30:00,91161.61,91209.85,91036.0,91069.38,30.81777
2025-11-30 08:31:00,91069.38,91116.98,91037.99,91116.98,13.46958
2025-11-30 08:32:00,91116.97,91142.5,91111.99,91141.95,6.52242
2025-11-30 08:33:00,91141.94,91218.53,91141.94,91196.21,7.87564
2025-11-30 08:34:00,91196.21,91196.21,91180.0,91186.8,5.35958
2025-11-30 08:35:00,91186.79,91186.8,91083.42,91083.42,6.51737
2025-11-30 08:36:00,91083.42,91094.86,90939.18,90952.72,27.47779
2025-11-30 08:37:00,90952.71,91016.96,90947.48,90984.94,7.98432
2025-11-30 08:38:00,90984.94,91020.0,90981.1,90981.11,10.75162
2025-11-30 08:39:00,90981.11,90981.11,90958.85,90976.25,7.02234
2025-11-30 08:40:00,90976.26,91024.41,90976.25,91000.01,7.78396
2025-11-30 08:41:00,91000.0,91080.01,90984.84,91059.96,15.2505
2025-11-30 08:42:00,91059.96,91190.44,91034.1,91190.43,82.59352
2025-11-30 08:43:00,91190.44,91230.07,91186.4,91186.62,61.56109
2025-11-30 08:44:00,91186.63,91186.63,91171.68,91179.77,6.32008
2025-11-30 08:45:00,91179.78,91181.1,91140.87,91148.28,7.94333
2025-11-30 08:46:00,91148.28,91167.28,91120.0,91120.01,8.04141
2025-11-30 08:47:00,91120.01,91131.92,91120.0,91131.91,3.08699
2025-11-30 08:48:00,91131.91,91165.63,91120.08,91165.63,5.03001
2025-11-30 08:49:00,91165.62,91211.54,91165.62,91193.19,5.83561
2025-11-30 08:50:00,91193.2,91252.57,91193.2,91252.56,7.58046
2025-11-30 08:51:00,91252.56,91264.13,91226.68,91251.37,8.82565
2025-11-30 08:52:00,91251.38,91301.92,91251.37,91297.06,16.03382
2025-11-30 08:53:00,91297.06,91297.06,91237.76,91247.78,8.09454
2025-11-30 08:54:00,91247.78,91258.18,91224.3,91225.07,3.64906
2025-11-30 08:55:00,91225.08,91256.2,91222.0,91245.15,6.10183
2025-11-30 08:56:00,91245.14,91245.15,91186.79,91190.26,7.61764
2025-11-30 08:57:00,91190.27,91264.95,91190.27,91228.76,28.88503
2025-11-30 08:58:00,91228.76,91231.96,91182.81,91182.81,3.7735
2025-11-30 08:59:00,91182.81,91184.46,91174.21,91184.45,5.0178
2025-11-30 09:00:00,91184.45,91184.46,91159.32,91159.33,2.3518
2025-11-30 09:01:00,91159.32,91186.8,91138.65,91168.62,11.63143
2025-11-30 09:02:00,91168.63,91186.8,91143.61,91186.79,3.2535
2025-11-30 09:03:00,91186.8,91189.55,91161.37,91189.44,4.01209
2025-11-30 09:04:00,91189.44,91232.87,91170.39,91232.86,4.68065
2025-11-30 09:05:00,91232.86,91261.25,91232.86,91242.77,3.60711
2025-11-30 09:06:00,91242.78,91299.33,91217.84,91299.33,20.70748
2025-11-30 09:07:00,91299.33,91314.55,91287.97,91295.51,17.11666
2025-11-30 09:08:00,91295.52,91313.07,91234.25,91284.59,16.1094
2025-11-30 09:09:00,91284.59,91318.18,91284.59,91318.17,9.92126
2025-11-30 09:10:00,91318.17,91318.18,91300.92,91300.93,2.80466
2025-11-30 09:11:00,91300.93,91530.0,91290.28,91504.22,203.37644
2025-11-30 09:12:00,91504.23,91530.66,91439.48,91457.37,47.02291
2025-11-30 09:13:00,91457.37,91586.24,91457.37,91564.53,90.71595
2025-11-30 09:14:00,91564.53,91564.54,91488.32,91488.33,36.25051
2025-11-30 09:15:00,91488.33,91632.0,91482.9,91521.01,27.64201
2025-11-30 09:16:00,91521.0,91528.03,91438.57,91438.57,15.58562
2025-11-30 09:17:00,91438.57,91465.91,91402.98,91420.58,14.96205
2025-11-30 09:18:00,91420.57,91425.58,91409.36,91422.5,7.68695
2025-11-30 09:19:00,91422.51,91540.01,91422.51,91514.16,76.25057
2025-11-30 09:20:00,91514.15,91514.16,91486.69,91506.83,5.06436
2025-11-30 09:21:00,91506.83,91513.28,91440.04,91440.11,13.66709
2025-11-30 09:22:00,91440.12,91454.15,91420.9,91442.74,15.61063
2025-11-30 09:23:00,91442.74,91450.47,91422.66,91450.47,4.44493
2025-11-30 09:24:00,91450.47,91450.47,91420.3,91420.3,2.96527
2025-11-30 09:25:00,91420.3,91429.79,91384.97,91384.98,9.96014
2025-11-30 09:26:00,91384.97,91384.98,91328.29,91351.52,21.58976
2025-11-30 09:27:00,91351.51,91377.24,91345.1,91374.28,20.94324
2025-11-30 09:28:00,91374.27,91435.82,91374.27,91435.81,11.53826
2025-11-30 09:29:00,91435.81,91435.82,91420.7,91420.71,3.93427
2025-11-30 09:30:00,91420.71,91438.57,91374.27,91374.27,6.46391
2025-11-30 09:31:00,91374.27,91374.28,91336.0,91336.01,9.38736
2025-11-30 09:32:00,91336.0,91354.53,91328.29,91354.52,2.54291
2025-11-30 09:33:00,91354.53,91372.85,91328.29,91372.84,8.41188
2025-11-30 09:34:00,91372.84,91403.92,91372.84,91403.92,2.28485
2025-11-30 09:35:00,91403.92,91414.91,91390.39,91414.9,3.03081
2025-11-30 09:36:00,91414.91,91414.91,91343.72,91343.72,2.20073
2025-11-30 09:37:00,91343.73,91389.06,91341.32,91341.32,8.40696
2025-11-30 09:38:00,91341.32,91378.98,91341.32,91361.63,5.17653
2025-11-30 09:39:00,91361.63,91361.64,91349.08,91360.1,1.42978
2025-11-30 09:40:00,91360.1,91373.39,91349.1,91373.39,3.63903
2025-11-30 09:41:00,91373.39,91378.73,91361.7,91378.72,2.93884
2025-11-30 09:42:00,91378.73,91402.47,91357.43,91357.43,2.96564
2025-11-30 09:43:00,91357.44,91408.66,91357.43,91408.65,2.36265
2025-11-30 09:44:00,91408.66,91422.31,91392.89,91417.62,2.16214
2025-11-30 09:45:00,91417.62,91419.28,91404.02,91414.94,2.38617
2025-11-30 09:46:00,91414.94,91446.24,91411.3,91446.23,5.49525
2025-11-30 09:47:00,91446.24,91451.87,91377.2,91377.2,6.08295
2025-11-30 09:48:00,91377.2,91377.21,91352.71,91364.9,5.63121
2025-11-30 09:49:00,91364.9,91364.91,91309.04,91320.49,8.68148
2025-11-30 09:50:00,91320.49,91348.81,91320.48,91333.91,1.8385
2025-11-30 09:51:00,91333.91,91366.63,91304.04,91357.5,9.0306
2025-11-30 09:52:00,91357.51,91360.41,91336.52,91336.52,3.91274
2025-11-30 09:53:00,91336.53,91336.92,91328.04,91331.3,3.08175
2025-11-30 09:54:00,91331.3,91331.3,91325.04,91330.69,2.66261
2025-11-30 09:55:00,91330.68,91336.92,91330.68,91331.29,3.03737
2025-11-30 09:56:00,91331.28,91370.56,91331.28,91365.81,6.13513
2025-11-30 09:57:00,91365.81,91411.88,91365.8,91411.87,3.09796
2025-11-30 09:58:00,91411.87,91432.84,91405.47,91413.04,6.29684
2025-11-30 09:59:00,91413.05,91413.08,91413.04,91413.07,0.91839
2025-11-30 10:00:00,91413.07,91428.91,91401.95,91428.9,3.98539
2025-11-30 10:01:00,91428.9,91448.64,91428.9,91448.64,1.86308
2025-11-30 10:02:00,91448.64,91467.36,91386.4,91386.4,11.14097
2025-11-30 10:03:00,91386.41,91396.01,91368.3,91392.63,2.1453
2025-11-30 10:04:00,91392.62,91392.63,91343.37,91349.77,3.79579
2025-11-30 10:05:00,91349.77,91357.45,91342.01,91342.01,2.83508
2025-11-30 10:06:00,91342.01,91342.01,91304.45,91304.46,12.48347
2025-11-30 10:07:00,91304.45,91314.28,91288.5,91293.6,11.84475
2025-11-30 10:08:00,91293.61,91294.0,91288.5,91293.99,4.6969
2025-11-30 10:09:00,91293.99,91294.0,91288.5,91288.51,3.15696
2025-11-30 10:10:00,91288.5,91288.51,91242.29,91250.2,12.97582
2025-11-30 10:11:00,91250.43,91274.81,91245.05,91252.15,7.17979
2025-11-30 10:12:00,91252.14,91274.02,91252.14,91274.01,0.97226
2025-11-30 10:13:00,91274.01,91274.02,91274.01,91274.01,0.93903
2025-11-30 10:14:00,91274.01,91274.02,91263.87,91263.87,3.43067
2025-11-30 10:15:00,91263.87,91268.85,91240.01,91240.01,3.13847
2025-11-30 10:16:00,91240.01,91244.43,91240.01,91240.02,5.76328
2025-11-30 10:17:00,91240.02,91266.39,91240.01,91266.38,3.35651
2025-11-30 10:18:00,91266.38,91301.43,91266.38,91301.43,2.3816
2025-11-30 10:19:00,91301.43,91336.48,91301.42,91327.8,2.11269
